ItemId,WeekNoinTotal,YearID,MonthID,MonthNoinTotal,WeekID,WeekNoinMonth,QTY,SALESAVE,on_promo,Display_EndCap,on_display,Page_Number
727400,1,2014,Jan,1,W001,1,25,0,0,0,0,0
727400,2,2014,Jan,1,W002,2,749,0,0,0,0,0
727400,3,2014,Jan,1,W003,3,958,0,0,0,0,0
727400,4,2014,Jan,1,W004,4,955,0,0,0,0,0
727400,5,2014,Feb,2,W005,1,927,0,0,0,0,0
727400,6,2014,Feb,2,W006,2,1108,0,0,0,0,0
727400,7,2014,Feb,2,W007,3,1172,0,0,0,0,0
727400,8,2014,Feb,2,W008,4,881,0,0,0,0,0
727400,9,2014,Mar,3,W009,1,1048,0,0,0,0,0
727400,10,2014,Mar,3,W010,2,1128,0,0,0,0,0
727400,11,2014,Mar,3,W011,3,949,0,0,0,0,0
727400,12,2014,Mar,3,W012,4,1079,0,0,0,0,0
727400,13,2014,Mar,3,W013,5,865,0,0,0,0,0
727400,14,2014,Apr,4,W014,1,1088,0,0,0,0,0
727400,15,2014,Apr,4,W015,2,1066,0,0,0,0,0
727400,16,2014,Apr,4,W016,3,834,0,0,0,0,0
727400,17,2014,Apr,4,W017,4,956,0,0,0,0,0
727400,18,2014,May,5,W018,1,1033,0,0,0,0,0
727400,19,2014,May,5,W019,2,1002,0,0,0,0,0
727400,20,2014,May,5,W020,3,976,0,0,0,0,0
727400,21,2014,May,5,W021,4,1049,0,0,0,0,0
727400,22,2014,Jun,6,W022,1,834,3,1,0,0,0
727400,23,2014,Jun,6,W023,2,842,3,1,0,0,0
727400,24,2014,Jun,6,W024,3,863,3,1,0,0,0
727400,25,2014,Jun,6,W025,4,881,3,1,0,0,0
727400,26,2014,Jun,6,W026,5,862,3,1,0,0,0
727400,27,2014,Jul,7,W027,1,992,0,0,0,0,0
727400,28,2014,Jul,7,W028,2,1032,0,0,0,0,0
727400,29,2014,Jul,7,W029,3,978,0,0,0,0,0
727400,30,2014,Jul,7,W030,4,920,0,0,0,0,0
727400,31,2014,Aug,8,W031,1,717,0,0,0,0,0
727400,32,2014,Aug,8,W032,2,867,0,0,0,0,0
727400,33,2014,Aug,8,W033,3,785,0,0,0,0,0
727400,34,2014,Aug,8,W034,4,859,0,0,0,0,0
727400,35,2014,Sep,9,W035,1,832,0,0,0,0,0
727400,36,2014,Sep,9,W036,2,1088,0,0,0,0,0
727400,37,2014,Sep,9,W037,3,843,0,0,0,0,0
727400,38,2014,Sep,9,W038,4,1021,0,0,0,0,0
727400,39,2014,Sep,9,W039,5,852,0,0,0,0,0
727400,40,2014,Oct,10,W040,1,962,0,0,0,0,0
727400,41,2014,Oct,10,W041,2,1096,0,0,0,0,0
727400,42,2014,Oct,10,W042,3,910,0,0,0,0,0
727400,43,2014,Oct,10,W043,4,941,0,0,0,0,0
727400,44,2014,Nov,11,W044,1,867,0,0,0,0,0
727400,45,2014,Nov,11,W045,2,896,0,0,0,0,0
727400,46,2014,Nov,11,W046,3,926,0,0,0,0,0
727400,47,2014,Nov,11,W047,4,965,0,0,0,0,0
727400,48,2014,Nov,11,W048,5,981,0,0,0,0,0
727400,49,2014,BF2,12,W049,1,497,0,0,0,0,0
727400,50,2014,Dec,13,W050,1,1191,0,0,0,0,0
727400,51,2014,Dec,13,W051,2,739,0,0,0,0,0
727400,52,2014,Dec,13,W052,3,844,0,0,0,0,0
727400,53,2014,Dec,13,W053,4,317,0,0,0,0,0
727400,54,2015,Jan,14,W054,1,379,0,0,0,0,0
727400,55,2015,Jan,14,W055,2,639,0,0,0,0,0
727400,56,2015,Jan,14,W056,3,666,0,0,0,0,0
727400,57,2015,Jan,14,W057,4,665,0,0,0,0,0
727400,58,2015,Feb,15,W058,1,1014,0,0,0,0,0
727400,59,2015,Feb,15,W059,2,945,0,0,0,0,0
727400,60,2015,Feb,15,W060,3,1096,0,0,0,0,0
727400,61,2015,Feb,15,W061,4,932,0,0,0,0,0
727400,62,2015,Mar,16,W062,1,1126,0.1,1,0,0,0
727400,63,2015,Mar,16,W063,2,1085,0.1,1,0,0,0
727400,64,2015,Mar,16,W064,3,1105,0.1,1,0,0,0
727400,65,2015,Mar,16,W065,4,1069,0.1,1,0,0,0
727400,66,2015,Mar,16,W066,5,1152,0.1,1,0,0,0
727400,67,2015,Apr,17,W067,1,930,0,0,0,0,0
727400,68,2015,Apr,17,W068,2,958,0,0,0,0,0
727400,69,2015,Apr,17,W069,3,987,0,0,0,0,0
727400,70,2015,Apr,17,W070,4,945,0,0,0,0,0
727400,71,2015,May,18,W071,1,804,0,0,0,0,0
727400,72,2015,May,18,W072,2,957,0,0,0,0,0
727400,73,2015,May,18,W073,3,852,0,0,0,0,0
727400,74,2015,May,18,W074,4,1025,0,0,0,0,0
727400,75,2015,Jun,19,W075,1,992,0,0,0,0,0
727400,76,2015,Jun,19,W076,2,927,0,0,0,0,0
727400,77,2015,Jun,19,W077,3,1281,0,0,0,0,0
727400,78,2015,Jun,19,W078,4,945,0,0,0,0,0
727400,79,2015,Jun,19,W079,5,874,0,0,0,0,0
727400,80,2015,Jul,20,W080,1,975,0,0,0,0,0
727400,81,2015,Jul,20,W081,2,950,0,0,0,0,0
727400,82,2015,Jul,20,W082,3,891,0,0,0,0,0
727400,83,2015,Jul,20,W083,4,984,0,0,0,0,0
727400,84,2015,Aug,21,W084,1,913,0,0,0,0,0
727400,85,2015,Aug,21,W085,2,906,0,0,0,0,0
727400,86,2015,Aug,21,W086,3,921,0,0,0,0,0
727400,87,2015,Aug,21,W087,4,1008,0,0,0,0,0
727400,88,2015,Sep,22,W088,1,910,0,0,0,0,0
727400,89,2015,Sep,22,W089,2,964,0,0,0,0,0
727400,90,2015,Sep,22,W090,3,982,0,0,0,0,0
727400,91,2015,Sep,22,W091,4,880,0,0,0,0,0
727400,92,2015,Sep,22,W092,5,817,0,0,0,0,0
727400,93,2015,Oct,23,W093,1,738,0,0,0,0,0
727400,94,2015,Oct,23,W094,2,842,0,0,0,0,0
727400,95,2015,Oct,23,W095,3,703,0,0,0,0,0
727400,96,2015,Oct,23,W096,4,855,0,0,0,0,0
727400,97,2015,Oct,23,W097,1,914,0,0,0,0,0
727400,98,2015,Nov,24,W098,2,987,0,0,0,0,0
727400,99,2015,Nov,24,W099,3,867,0,0,0,0,0
727400,100,2015,Nov,24,W100,4,777,0,0,0,0,0
727400,101,2015,Nov,24,W101,5,1046,0,0,0,0,0
727400,102,2015,BF2,25,W102,1,481,0,0,0,0,0
727400,103,2015,Dec,26,W103,1,1511,0.1,1,0,0,0
727400,104,2015,Dec,26,W104,2,917,0.1,1,0,0,0
727400,105,2015,Dec,26,W105,3,1012,0.1,1,0,0,0
727400,106,2015,Dec,26,W106,4,888,0.1,1,0,0,0
727400,107,2016,Jan,27,W107,1,1054,0,0,0,0,0
727400,108,2016,Jan,27,W108,2,881,0,0,0,0,0
727400,109,2016,Jan,27,W109,3,874,0,0,0,0,0
727400,110,2016,Jan,27,W110,4,930,0,0,0,0,0
727400,111,2016,Feb,28,W111,1,1031,0,0,0,0,0
727400,112,2016,Feb,28,W112,2,1040,0,0,0,0,0
727400,113,2016,Feb,28,W113,3,1125,0,0,0,0,0
727400,114,2016,Feb,28,W114,4,923,0,0,0,0,0
727400,115,2016,Mar,29,W115,1,962,0,0,0,0,0
727400,116,2016,Mar,29,W116,2,934,0,0,0,0,0
727400,117,2016,Mar,29,W117,3,854,0,0,0,0,0
727400,118,2016,Mar,29,W118,4,1008,0,0,0,0,0
727400,119,2016,Mar,29,W119,5,773,0,0,0,0,0
727400,120,2016,Apr,30,W120,1,1003,0,0,0,0,0
727400,121,2016,Apr,30,W121,2,934,0,0,0,0,0
727400,122,2016,Apr,30,W122,3,942,0,0,0,0,0
727400,123,2016,Apr,30,W123,4,1000,0,0,0,0,0
727400,124,2016,May,31,W124,1,1016,0,0,0,0,0
727400,125,2016,May,31,W125,2,987,0,0,0,0,0
727400,126,2016,May,31,W126,3,825,0,0,0,0,0
727400,127,2016,May,31,W127,4,1002,0,0,0,0,0
727400,128,2016,Jun,32,W128,1,894,0,0,0,0,0
727400,129,2016,Jun,32,W129,2,1090,0,0,0,0,0
727400,130,2016,Jun,32,W130,3,831,0,0,0,0,0
727400,131,2016,Jun,32,W131,4,941,0,0,0,0,0
727400,132,2016,Jun,32,W132,5,887,0,0,0,0,0
727400,133,2016,Jul,33,W133,1,821,0,0,0,0,0
727400,134,2016,Jul,33,W134,2,923,0,0,0,0,0
727400,135,2016,Jul,33,W135,3,856,0,0,0,0,0
727400,136,2016,Jul,33,W136,4,828,0,0,0,0,0
727400,137,2016,Aug,34,W137,1,796,0,0,0,0,0
727400,138,2016,Aug,34,W138,2,861,0,0,0,0,0
727400,139,2016,Aug,34,W139,3,795,0,0,0,0,0
727400,140,2016,Aug,34,W140,4,880,0,0,0,0,0
727400,141,2016,Sep,35,W141,1,745,0,0,0,0,0
727400,142,2016,Sep,35,W142,2,900,0,0,0,0,0
727400,143,2016,Sep,35,W143,3,707,0,0,0,0,0
727400,144,2016,Sep,35,W144,4,799,0,0,0,0,0
727400,145,2016,Sep,35,W145,5,797,0,0,0,0,0
727400,146,2016,Oct,36,W146,1,911,0,0,0,0,0
727400,147,2016,Oct,36,W147,2,766,0,0,0,0,0
727400,148,2016,Oct,36,W148,3,786,0,0,0,0,0
727400,149,2016,Oct,36,W149,4,730,0,0,0,0,0
727400,150,2016,Nov,37,W150,1,720,0,0,0,0,0
727400,151,2016,Nov,37,W151,2,855,0,0,0,0,0
727400,152,2016,Nov,37,W152,3,800,0,0,0,0,0
727400,153,2016,Nov,37,W153,4,862,0,0,0,0,0
727400,154,2016,BF2,38,W154,1,377,0,0,0,0,0
727400,155,2016,Dec,39,W155,2,1154,0,0,0,0,0
727400,156,2016,Dec,39,W156,3,822,0,0,0,0,0
727400,157,2016,Dec,39,W157,4,825,0,0,0,0,0
727400,158,2016,Dec,39,W158,5,652,0,0,0,0,0
727400,159,2017,Jan,40,W159,1,949,0,0,0,0,0
727400,160,2017,Jan,40,W160,2,876,0,0,0,0,0
727400,161,2017,Jan,40,W161,3,909,0,0,0,0,0
727400,162,2017,Jan,40,W162,4,805,0,0,0,0,0
727400,163,2017,Feb,41,W163,1,755,0,0,0,0,0
727400,164,2017,Feb,41,W164,2,1026,0,0,0,0,0
727400,165,2017,Feb,41,W165,3,878,0,0,0,0,0
727400,166,2017,Feb,41,W166,4,675,0,0,0,0,0
727400,167,2017,Mar,42,W167,1,1008,0.48,1,0,0,0
727400,168,2017,Mar,42,W168,2,984,0.48,1,0,0,0
727400,169,2017,Mar,42,W169,3,791,0.48,1,0,0,0
727400,170,2017,Mar,42,W170,4,784,0.48,1,0,0,0
727400,171,2017,Mar,42,W171,5,1222,0.48,1,0,0,0
727400,172,2017,Apr,43,W172,1,882,0,0,0,0,0
727400,173,2017,Apr,43,W173,2,766,0,0,0,0,0
727400,174,2017,Apr,43,W174,3,661,0,0,0,0,0
727400,175,2017,Apr,43,W175,4,796,0,0,0,0,0
727400,176,2017,May,44,W176,1,802,0,0,0,0,0
727400,177,2017,May,44,W177,2,692,0,0,0,0,0
727400,178,2017,May,44,W178,3,956,0,0,0,0,0
727400,179,2017,May,44,W179,4,775,0,0,0,0,0
727400,180,2017,Jun,45,W180,1,762,0,0,0,0,0
727400,181,2017,Jun,45,W181,2,962,0,0,0,0,0
727400,182,2017,Jun,45,W182,3,749,0,0,0,0,0
727400,183,2017,Jun,45,W183,4,796,0,0,0,0,0
727400,184,2017,Jun,45,W184,5,915,0,0,0,0,0
727400,185,2017,Jul,46,W185,1,809,0,0,0,0,0
727400,186,2017,Jul,46,W186,2,859,0,0,0,0,0
727400,187,2017,Jul,46,W187,3,947,0,0,0,0,0
727400,188,2017,Jul,46,W188,4,805,0,0,0,0,0
727400,189,2017,Aug,47,W189,1,703,0,0,0,0,0
727400,190,2017,Aug,47,W190,2,710,0,0,0,0,0
727400,191,2017,Aug,47,W191,3,795,0,0,0,0,0
727400,192,2017,Aug,47,W192,4,766,0,0,0,0,0
727400,193,2017,Sep,48,W193,1,802,0,0,0,0,0
727400,194,2017,Sep,48,W194,2,961,0,0,0,0,0
727400,195,2017,Sep,48,W195,3,623,0,0,0,0,0
727400,196,2017,Sep,48,W196,4,753,0,0,0,0,0
727400,197,2017,Sep,48,W197,5,619,0,0,0,0,0
799012,2,2014,Jan,1,W002,2,7,0,0,0,0,0
799012,3,2014,Jan,1,W003,3,0,0,0,0,0,0
799012,4,2014,Jan,1,W004,4,8,0,0,0,0,0
799012,5,2014,Feb,2,W005,1,3,0,0,0,0,0
799012,6,2014,Feb,2,W006,2,5,0,0,0,0,0
799012,7,2014,Feb,2,W007,3,6,0,0,0,0,0
799012,8,2014,Feb,2,W008,4,6,0,0,0,0,0
799012,9,2014,Mar,3,W009,1,8,0,0,0,0,0
799012,10,2014,Mar,3,W010,2,11,0,0,0,0,0
799012,11,2014,Mar,3,W011,3,12,0,0,0,0,0
799012,12,2014,Mar,3,W012,4,7,0,0,0,0,0
799012,13,2014,Mar,3,W013,5,8,0,0,0,0,0
799012,14,2014,Apr,4,W014,1,22,10,1,0,0,0
799012,15,2014,Apr,4,W015,2,15,10,1,0,0,0
799012,16,2014,Apr,4,W016,3,14,10,1,0,0,0
799012,17,2014,Apr,4,W017,4,18,10,1,0,0,0
799012,18,2014,May,5,W018,1,13,0,0,0,0,0
799012,19,2014,May,5,W019,2,8,0,0,0,0,0
799012,20,2014,May,5,W020,3,13,0,0,0,0,0
799012,21,2014,May,5,W021,4,7,0,0,0,0,0
799012,22,2014,Jun,6,W022,1,15,0,0,0,0,0
799012,23,2014,Jun,6,W023,2,16,0,0,0,0,0
799012,24,2014,Jun,6,W024,3,9,0,0,0,0,0
799012,25,2014,Jun,6,W025,4,17,0,0,0,0,0
799012,26,2014,Jun,6,W026,5,10,0,0,0,0,0
799012,27,2014,Jul,7,W027,1,17,0,0,0,0,0
799012,28,2014,Jul,7,W028,2,9,0,0,0,0,0
799012,29,2014,Jul,7,W029,3,9,0,0,0,0,0
799012,30,2014,Jul,7,W030,4,11,0,0,0,0,0
799012,31,2014,Aug,8,W031,1,9,0,0,0,0,0
799012,32,2014,Aug,8,W032,2,6,0,0,0,0,0
799012,33,2014,Aug,8,W033,3,7,0,0,0,0,0
799012,34,2014,Aug,8,W034,4,13,0,0,0,0,0
799012,35,2014,Sep,9,W035,1,6,0,0,0,0,0
799012,36,2014,Sep,9,W036,2,9,0,0,0,0,0
799012,37,2014,Sep,9,W037,3,8,0,0,0,0,0
799012,38,2014,Sep,9,W038,4,2,0,0,0,0,0
799012,39,2014,Sep,9,W039,5,1,0,0,0,0,0
799012,40,2014,Oct,10,W040,1,4,0,0,0,0,0
799012,41,2014,Oct,10,W041,2,6,0,0,0,0,0
799012,42,2014,Oct,10,W042,3,2,0,0,0,0,0
799012,43,2014,Oct,10,W043,4,3,0,0,0,0,0
799012,44,2014,Nov,11,W044,1,8,0,0,0,0,0
799012,45,2014,Nov,11,W045,2,5,0,0,0,0,0
799012,46,2014,Nov,11,W046,3,3,0,0,0,0,0
799012,47,2014,Nov,11,W047,4,10,0,0,0,0,0
799012,48,2014,Nov,11,W048,5,4,0,0,0,0,0
799012,49,2014,BF2,12,W049,1,4,0,0,0,0,0
799012,50,2014,Dec,13,W050,1,11,0,0,0,0,0
799012,51,2014,Dec,13,W051,2,6,0,0,0,0,0
799012,52,2014,Dec,13,W052,3,10,0,0,0,0,0
799012,53,2014,Dec,13,W053,4,1,0,0,0,0,0
799012,54,2015,Jan,14,W054,1,3,0,0,0,0,0
799012,55,2015,Jan,14,W055,2,11,0,0,0,0,0
799012,56,2015,Jan,14,W056,3,9,0,0,0,0,0
799012,57,2015,Jan,14,W057,4,3,0,0,0,0,0
799012,58,2015,Feb,15,W058,1,6,0,0,0,0,0
799012,59,2015,Feb,15,W059,2,5,0,0,0,0,0
799012,60,2015,Feb,15,W060,3,2,0,0,0,0,0
799012,61,2015,Feb,15,W061,4,7,0,0,0,0,0
799012,62,2015,Mar,16,W062,1,9,0,0,0,0,0
799012,63,2015,Mar,16,W063,2,8,0,0,0,0,0
799012,64,2015,Mar,16,W064,3,9,0,0,0,0,0
799012,65,2015,Mar,16,W065,4,13,0,0,0,0,0
799012,66,2015,Mar,16,W066,5,7,0,0,0,0,0
799012,67,2015,Apr,17,W067,1,10,0,0,0,0,0
799012,68,2015,Apr,17,W068,2,11,0,0,0,0,0
799012,69,2015,Apr,17,W069,3,16,0,0,0,0,0
799012,70,2015,Apr,17,W070,4,12,0,0,0,0,0
799012,71,2015,May,18,W071,1,11,0,0,0,0,0
799012,72,2015,May,18,W072,2,11,0,0,0,0,0
799012,73,2015,May,18,W073,3,22,0,0,0,0,0
799012,74,2015,May,18,W074,4,18,0,0,0,0,0
799012,75,2015,Jun,19,W075,1,11,0,0,0,0,0
799012,76,2015,Jun,19,W076,2,15,0,0,0,0,0
799012,77,2015,Jun,19,W077,3,23,0,0,0,0,0
799012,78,2015,Jun,19,W078,4,16,0,0,0,0,0
799012,79,2015,Jun,19,W079,5,18,0,0,0,0,0
799012,80,2015,Jul,20,W080,1,12,0,0,0,0,0
799012,81,2015,Jul,20,W081,2,13,0,0,0,0,0
799012,82,2015,Jul,20,W082,3,13,0,0,0,0,0
799012,83,2015,Jul,20,W083,4,12,0,0,0,0,0
799012,84,2015,Aug,21,W084,1,15,0,0,0,0,0
799012,85,2015,Aug,21,W085,2,16,0,0,0,0,0
799012,86,2015,Aug,21,W086,3,12,0,0,0,0,0
799012,87,2015,Aug,21,W087,4,16,0,0,0,0,0
799012,88,2015,Sep,22,W088,1,10,0,0,0,0,0
799012,89,2015,Sep,22,W089,2,10,0,0,0,0,0
799012,90,2015,Sep,22,W090,3,8,0,0,0,0,0
799012,91,2015,Sep,22,W091,4,18,0,0,0,0,0
799012,92,2015,Sep,22,W092,5,9,0,0,0,0,0
799012,93,2015,Oct,23,W093,1,4,0,0,0,0,0
799012,94,2015,Oct,23,W094,2,3,0,0,0,0,0
799012,95,2015,Oct,23,W095,3,12,0,0,0,0,0
799012,96,2015,Oct,23,W096,4,10,0,0,0,0,0
799012,97,2015,Oct,23,W097,1,4,0,0,0,0,0
799012,98,2015,Nov,24,W098,2,11,0,0,0,0,0
799012,99,2015,Nov,24,W099,3,9,0,0,0,0,0
799012,100,2015,Nov,24,W100,4,5,0,0,0,0,0
799012,101,2015,Nov,24,W101,5,17,0,0,0,0,0
799012,102,2015,BF2,25,W102,1,3,0,0,0,0,0
799012,103,2015,Dec,26,W103,1,6,0,0,0,0,0
799012,104,2015,Dec,26,W104,2,6,0,0,0,0,0
799012,105,2015,Dec,26,W105,3,9,0,0,0,0,0
799012,106,2015,Dec,26,W106,4,8,0,0,0,0,0
799012,107,2016,Jan,27,W107,1,6,0,0,0,0,0
799012,108,2016,Jan,27,W108,2,8,0,0,0,0,0
799012,109,2016,Jan,27,W109,3,8,0,0,0,0,0
799012,110,2016,Jan,27,W110,4,3,0,0,0,0,0
799012,111,2016,Feb,28,W111,1,1,0,0,0,0,0
799012,112,2016,Feb,28,W112,2,16,0,0,0,0,0
799012,113,2016,Feb,28,W113,3,10,0,0,0,0,0
799012,114,2016,Feb,28,W114,4,13,0,0,0,0,0
799012,115,2016,Mar,29,W115,1,12,0,0,0,0,0
799012,116,2016,Mar,29,W116,2,21,0,0,0,0,0
799012,117,2016,Mar,29,W117,3,12,0,0,0,0,0
799012,118,2016,Mar,29,W118,4,11,0,0,0,0,0
799012,119,2016,Mar,29,W119,5,16,0,0,0,0,0
799012,120,2016,Apr,30,W120,1,13,0,0,0,0,0
799012,121,2016,Apr,30,W121,2,15,0,0,0,0,0
799012,122,2016,Apr,30,W122,3,20,0,0,0,0,0
799012,123,2016,Apr,30,W123,4,11,0,0,0,0,0
799012,124,2016,May,31,W124,1,21,10,1,0,0,0
799012,125,2016,May,31,W125,2,23,10,1,0,0,0
799012,126,2016,May,31,W126,3,7,10,1,0,0,0
799012,127,2016,May,31,W127,4,19,10,1,0,0,0
799012,128,2016,Jun,32,W128,1,19,0,0,0,0,0
799012,129,2016,Jun,32,W129,2,25,0,0,0,0,0
799012,130,2016,Jun,32,W130,3,11,0,0,0,0,0
799012,131,2016,Jun,32,W131,4,15,0,0,0,0,0
799012,132,2016,Jun,32,W132,5,18,0,0,0,0,0
799012,133,2016,Jul,33,W133,1,16,0,0,0,0,0
799012,134,2016,Jul,33,W134,2,24,0,0,0,0,0
799012,135,2016,Jul,33,W135,3,19,0,0,0,0,0
799012,136,2016,Jul,33,W136,4,15,0,0,0,0,0
799012,137,2016,Aug,34,W137,1,20,0,0,0,0,0
799012,138,2016,Aug,34,W138,2,10,0,0,0,0,0
799012,139,2016,Aug,34,W139,3,12,0,0,0,0,0
799012,140,2016,Aug,34,W140,4,15,0,0,0,0,0
799012,141,2016,Sep,35,W141,1,7,0,0,0,0,0
799012,142,2016,Sep,35,W142,2,11,0,0,0,0,0
799012,143,2016,Sep,35,W143,3,21,0,0,0,0,0
799012,144,2016,Sep,35,W144,4,9,0,0,0,0,0
799012,145,2016,Sep,35,W145,5,3,0,0,0,0,0
799012,146,2016,Oct,36,W146,1,8,0,0,0,0,0
799012,147,2016,Oct,36,W147,2,10,0,0,0,0,0
799012,148,2016,Oct,36,W148,3,7,0,0,0,0,0
799012,149,2016,Oct,36,W149,4,9,0,0,0,0,0
799012,150,2016,Nov,37,W150,1,9,0,0,0,0,0
799012,151,2016,Nov,37,W151,2,8,0,0,0,0,0
799012,152,2016,Nov,37,W152,3,9,0,0,0,0,0
799012,153,2016,Nov,37,W153,4,3,0,0,0,0,0
799012,154,2016,BF2,38,W154,1,3,0,0,0,0,0
799012,155,2016,Dec,39,W155,2,13,0,0,0,0,0
799012,156,2016,Dec,39,W156,3,9,0,0,0,0,0
799012,157,2016,Dec,39,W157,4,5,0,0,0,0,0
799012,158,2016,Dec,39,W158,5,6,0,0,0,0,0
799012,159,2017,Jan,40,W159,1,9,0,0,0,0,0
799012,160,2017,Jan,40,W160,2,0,0,0,0,0,0
799012,161,2017,Jan,40,W161,3,14,0,0,0,0,0
799012,162,2017,Jan,40,W162,4,11,0,0,0,0,0
799012,163,2017,Feb,41,W163,1,8,0,0,0,0,0
799012,164,2017,Feb,41,W164,2,8,0,0,0,0,0
799012,165,2017,Feb,41,W165,3,8,0,0,0,0,0
799012,166,2017,Feb,41,W166,4,14,0,0,0,0,0
799012,167,2017,Mar,42,W167,1,11,0,0,0,0,0
799012,168,2017,Mar,42,W168,2,8,0,0,0,0,0
799012,169,2017,Mar,42,W169,3,7,0,0,0,0,0
799012,170,2017,Mar,42,W170,4,14,0,0,0,0,0
799012,171,2017,Mar,42,W171,5,17,0,0,0,0,0
799012,172,2017,Apr,43,W172,1,22,10,1,0,0,0
799012,173,2017,Apr,43,W173,2,18,10,1,0,0,0
799012,174,2017,Apr,43,W174,3,30,10,1,0,0,0
799012,175,2017,Apr,43,W175,4,13,10,1,0,0,0
799012,176,2017,May,44,W176,1,19,0,0,0,0,0
799012,177,2017,May,44,W177,2,12,0,0,0,0,0
799012,178,2017,May,44,W178,3,18,0,0,0,0,0
799012,179,2017,May,44,W179,4,22,0,0,0,0,0
799012,180,2017,Jun,45,W180,1,14,0,0,0,0,0
799012,181,2017,Jun,45,W181,2,12,0,0,0,0,0
799012,182,2017,Jun,45,W182,3,20,0,0,0,0,0
799012,183,2017,Jun,45,W183,4,9,0,0,0,0,0
799012,184,2017,Jun,45,W184,5,15,0,0,0,0,0
799012,185,2017,Jul,46,W185,1,21,10,1,0,0,0
799012,186,2017,Jul,46,W186,2,12,10,1,0,0,0
799012,187,2017,Jul,46,W187,3,14,10,1,0,0,0
799012,188,2017,Jul,46,W188,4,16,10,1,0,0,0
799012,189,2017,Aug,47,W189,1,20,0,0,0,0,0
799012,190,2017,Aug,47,W190,2,12,0,0,0,0,0
799012,191,2017,Aug,47,W191,3,7,0,0,0,0,0
799012,192,2017,Aug,47,W192,4,7,0,0,0,0,0
799012,193,2017,Sep,48,W193,1,11,0,0,0,0,0
799012,194,2017,Sep,48,W194,2,12,0,0,0,0,0
799012,195,2017,Sep,48,W195,3,4,0,0,0,0,0
799012,196,2017,Sep,48,W196,4,9,0,0,0,0,0
799012,197,2017,Sep,48,W197,5,11,0,0,0,0,0
960733,1,2014,Jan,1,W001,1,3,0,0,0,0,0
960733,2,2014,Jan,1,W002,2,25,0,0,0,0,0
960733,3,2014,Jan,1,W003,3,46,0,0,0,0,0
960733,4,2014,Jan,1,W004,4,47,0,0,0,0,0
960733,5,2014,Feb,2,W005,1,44,5,1,0,0,0
960733,6,2014,Feb,2,W006,2,67,5,1,0,0,0
960733,7,2014,Feb,2,W007,3,45,5,1,0,0,0
960733,8,2014,Feb,2,W008,4,71,5,1,0,0,0
960733,9,2014,Mar,3,W009,1,39,0,0,0,0,0
960733,10,2014,Mar,3,W010,2,45,0,0,0,0,0
960733,11,2014,Mar,3,W011,3,35,0,0,0,0,0
960733,12,2014,Mar,3,W012,4,50,0,0,0,0,0
960733,13,2014,Mar,3,W013,5,45,0,0,0,0,0
960733,14,2014,Apr,4,W014,1,30,0,0,0,0,0
960733,15,2014,Apr,4,W015,2,29,0,0,0,0,0
960733,16,2014,Apr,4,W016,3,36,0,0,0,0,0
960733,17,2014,Apr,4,W017,4,37,0,0,0,0,0
960733,18,2014,May,5,W018,1,35,0,0,0,0,0
960733,19,2014,May,5,W019,2,39,0,0,0,0,0
960733,20,2014,May,5,W020,3,41,0,0,0,0,0
960733,21,2014,May,5,W021,4,45,0,0,0,0,0
960733,22,2014,Jun,6,W022,1,68,8.6,1,0,0,0
960733,23,2014,Jun,6,W023,2,59,8.6,1,0,0,0
960733,24,2014,Jun,6,W024,3,74,8.6,1,0,0,0
960733,25,2014,Jun,6,W025,4,88,8.6,1,0,0,0
960733,26,2014,Jun,6,W026,5,70,8.6,1,0,0,0
960733,27,2014,Jul,7,W027,1,55,5,1,0,0,0
960733,28,2014,Jul,7,W028,2,60,5,1,0,0,0
960733,29,2014,Jul,7,W029,3,48,5,1,0,0,0
960733,30,2014,Jul,7,W030,4,65,5,1,0,0,0
960733,31,2014,Aug,8,W031,1,37,0,0,0,0,0
960733,32,2014,Aug,8,W032,2,53,0,0,0,0,0
960733,33,2014,Aug,8,W033,3,52,0,0,0,0,0
960733,34,2014,Aug,8,W034,4,44,0,0,0,0,0
960733,35,2014,Sep,9,W035,1,45,0,0,0,0,0
960733,36,2014,Sep,9,W036,2,58,0,0,0,0,0
960733,37,2014,Sep,9,W037,3,53,0,0,0,0,0
960733,38,2014,Sep,9,W038,4,48,0,0,0,0,0
960733,39,2014,Sep,9,W039,5,57,0,0,0,0,0
960733,40,2014,Oct,10,W040,1,37,0,0,0,0,0
960733,41,2014,Oct,10,W041,2,51,0,0,0,0,0
960733,42,2014,Oct,10,W042,3,36,0,0,0,0,0
960733,43,2014,Oct,10,W043,4,57,0,0,0,0,0
960733,44,2014,Nov,11,W044,1,53,0,0,0,0,0
960733,45,2014,Nov,11,W045,2,36,0,0,0,0,0
960733,46,2014,Nov,11,W046,3,66,0,0,0,0,0
960733,47,2014,Nov,11,W047,4,44,0,0,0,0,0
960733,48,2014,Nov,11,W048,5,56,0,0,0,0,0
960733,49,2014,BF2,12,W049,1,25,0,0,0,0,0
960733,50,2014,Dec,13,W050,1,75,5,1,0,0,0
960733,51,2014,Dec,13,W051,2,69,5,1,0,0,0
960733,52,2014,Dec,13,W052,3,76,5,1,0,0,0
960733,53,2014,Dec,13,W053,4,21,5,1,0,0,0
960733,54,2015,Jan,14,W054,1,29,0,0,0,0,0
960733,55,2015,Jan,14,W055,2,31,0,0,0,0,0
960733,56,2015,Jan,14,W056,3,43,0,0,0,0,0
960733,57,2015,Jan,14,W057,4,52,0,0,0,0,0
960733,58,2015,Feb,15,W058,1,64,7.98,1,0,0,0
960733,59,2015,Feb,15,W059,2,53,7.98,1,0,0,0
960733,60,2015,Feb,15,W060,3,69,7.98,1,0,0,0
960733,61,2015,Feb,15,W061,4,77,7.98,1,0,0,0
960733,62,2015,Mar,16,W062,1,45,0,0,0,0,0
960733,63,2015,Mar,16,W063,2,43,0,0,0,0,0
960733,64,2015,Mar,16,W064,3,41,0,0,0,0,0
960733,65,2015,Mar,16,W065,4,41,0,0,0,0,0
960733,66,2015,Mar,16,W066,5,51,0,0,0,0,0
960733,67,2015,Apr,17,W067,1,51,0,0,0,0,0
960733,68,2015,Apr,17,W068,2,39,0,0,0,0,0
960733,69,2015,Apr,17,W069,3,46,0,0,0,0,0
960733,70,2015,Apr,17,W070,4,55,0,0,0,0,0
960733,71,2015,May,18,W071,1,38,0,0,0,0,0
960733,72,2015,May,18,W072,2,33,0,0,0,0,0
960733,73,2015,May,18,W073,3,53,0,0,0,0,0
960733,74,2015,May,18,W074,4,38,0,0,0,0,0
960733,75,2015,Jun,19,W075,1,91,8.596,1,0,0,0
960733,76,2015,Jun,19,W076,2,81,8.596,1,0,0,0
960733,77,2015,Jun,19,W077,3,92,8.596,1,0,0,0
960733,78,2015,Jun,19,W078,4,87,8.596,1,0,0,0
960733,79,2015,Jun,19,W079,5,58,8.596,1,0,0,0
960733,80,2015,Jul,20,W080,1,89,9,1,0,0,0
960733,81,2015,Jul,20,W081,2,84,9,1,0,0,0
960733,82,2015,Jul,20,W082,3,78,9,1,0,0,0
960733,83,2015,Jul,20,W083,4,92,9,1,0,0,0
960733,84,2015,Aug,21,W084,1,40,0,0,0,0,0
960733,85,2015,Aug,21,W085,2,45,0,0,0,0,0
960733,86,2015,Aug,21,W086,3,53,0,0,0,0,0
960733,87,2015,Aug,21,W087,4,38,0,0,0,0,0
960733,88,2015,Sep,22,W088,1,44,0,0,0,0,0
960733,89,2015,Sep,22,W089,2,49,0,0,0,0,0
960733,90,2015,Sep,22,W090,3,41,0,0,0,0,0
960733,91,2015,Sep,22,W091,4,41,0,0,0,0,0
960733,92,2015,Sep,22,W092,5,47,0,0,0,0,0
960733,93,2015,Oct,23,W093,1,61,0,0,0,0,0
960733,94,2015,Oct,23,W094,2,60,0,0,0,0,0
960733,95,2015,Oct,23,W095,3,63,0,0,0,0,0
960733,96,2015,Oct,23,W096,4,63,0,0,0,0,0
960733,97,2015,Oct,23,W097,1,58,0,0,0,0,0
960733,98,2015,Nov,24,W098,2,57,5,1,0,0,0
960733,99,2015,Nov,24,W099,3,84,5,1,0,0,0
960733,100,2015,Nov,24,W100,4,76,5,1,0,0,0
960733,101,2015,Nov,24,W101,5,71,5,1,0,0,0
960733,102,2015,BF2,25,W102,1,39,0,0,0,0,0
960733,103,2015,Dec,26,W103,1,82,5,1,0,0,0
960733,104,2015,Dec,26,W104,2,76,5,1,0,0,0
960733,105,2015,Dec,26,W105,3,77,5,1,0,0,0
960733,106,2015,Dec,26,W106,4,67,5,1,0,0,0
960733,107,2016,Jan,27,W107,1,46,0,0,0,0,0
960733,108,2016,Jan,27,W108,2,44,0,0,0,0,0
960733,109,2016,Jan,27,W109,3,57,0,0,0,0,0
960733,110,2016,Jan,27,W110,4,56,0,0,0,0,0
960733,111,2016,Feb,28,W111,1,69,5,1,0,0,0
960733,112,2016,Feb,28,W112,2,87,5,1,0,0,0
960733,113,2016,Feb,28,W113,3,79,5,1,0,0,0
960733,114,2016,Feb,28,W114,4,70,5,1,0,0,0
960733,115,2016,Mar,29,W115,1,59,0,0,0,0,0
960733,116,2016,Mar,29,W116,2,69,0,0,0,0,0
960733,117,2016,Mar,29,W117,3,54,0,0,0,0,0
960733,118,2016,Mar,29,W118,4,75,0,0,0,0,0
960733,119,2016,Mar,29,W119,5,66,0,0,0,0,0
960733,120,2016,Apr,30,W120,1,63,0,0,0,0,0
960733,121,2016,Apr,30,W121,2,63,0,0,0,0,0
960733,122,2016,Apr,30,W122,3,58,0,0,0,0,0
960733,123,2016,Apr,30,W123,4,38,0,0,0,0,0
960733,124,2016,May,31,W124,1,58,0,0,0,0,0
960733,125,2016,May,31,W125,2,49,0,0,0,0,0
960733,126,2016,May,31,W126,3,60,0,0,0,0,0
960733,127,2016,May,31,W127,4,47,0,0,0,0,0
960733,128,2016,Jun,32,W128,1,87,5,1,0,0,0
960733,129,2016,Jun,32,W129,2,76,5,1,0,0,0
960733,130,2016,Jun,32,W130,3,76,5,1,0,0,0
960733,131,2016,Jun,32,W131,4,80,5,1,0,0,0
960733,132,2016,Jun,32,W132,5,90,5,1,0,0,0
960733,133,2016,Jul,33,W133,1,68,5,1,0,0,0
960733,134,2016,Jul,33,W134,2,60,5,1,0,0,0
960733,135,2016,Jul,33,W135,3,62,5,1,0,0,0
960733,136,2016,Jul,33,W136,4,44,5,1,0,0,0
960733,137,2016,Aug,34,W137,1,53,0,0,0,0,0
960733,138,2016,Aug,34,W138,2,67,0,0,0,0,0
960733,139,2016,Aug,34,W139,3,42,0,0,0,0,0
960733,140,2016,Aug,34,W140,4,49,0,0,0,0,0
960733,141,2016,Sep,35,W141,1,49,0,0,0,0,0
960733,142,2016,Sep,35,W142,2,51,0,0,0,0,0
960733,143,2016,Sep,35,W143,3,37,0,0,0,0,0
960733,144,2016,Sep,35,W144,4,78,0,0,0,0,0
960733,145,2016,Sep,35,W145,5,72,0,0,0,0,0
960733,146,2016,Oct,36,W146,1,60,0,0,0,0,0
960733,147,2016,Oct,36,W147,2,52,0,0,0,0,0
960733,148,2016,Oct,36,W148,3,47,0,0,0,0,0
960733,149,2016,Oct,36,W149,4,56,0,0,0,0,0
960733,150,2016,Nov,37,W150,1,82,3,1,0,0,0
960733,151,2016,Nov,37,W151,2,69,3,1,0,0,0
960733,152,2016,Nov,37,W152,3,100,3,1,0,0,0
960733,153,2016,Nov,37,W153,4,84,3,1,0,0,0
960733,154,2016,BF2,38,W154,1,33,0,0,0,0,0
960733,155,2016,Dec,39,W155,2,109,5,1,0,0,0
960733,156,2016,Dec,39,W156,3,81,5,1,0,0,0
960733,157,2016,Dec,39,W157,4,94,5,1,0,0,0
960733,158,2016,Dec,39,W158,5,61,5,1,0,0,0
960733,159,2017,Jan,40,W159,1,54,0,0,0,0,0
960733,160,2017,Jan,40,W160,2,49,0,0,0,0,0
960733,161,2017,Jan,40,W161,3,61,0,0,0,0,0
960733,162,2017,Jan,40,W162,4,49,0,0,0,0,0
960733,163,2017,Feb,41,W163,1,70,5,1,0,0,0
960733,164,2017,Feb,41,W164,2,82,5,1,0,0,0
960733,165,2017,Feb,41,W165,3,69,5,1,0,0,0
960733,166,2017,Feb,41,W166,4,97,5,1,0,0,0
960733,167,2017,Mar,42,W167,1,42,0,0,0,0,0
960733,168,2017,Mar,42,W168,2,73,0,0,0,0,0
960733,169,2017,Mar,42,W169,3,47,0,0,0,0,0
960733,170,2017,Mar,42,W170,4,65,0,0,0,0,0
960733,171,2017,Mar,42,W171,5,73,0,0,0,0,0
960733,172,2017,Apr,43,W172,1,54,0,0,0,0,0
960733,173,2017,Apr,43,W173,2,52,0,0,0,0,0
960733,174,2017,Apr,43,W174,3,54,0,0,0,0,0
960733,175,2017,Apr,43,W175,4,55,0,0,0,0,0
960733,176,2017,May,44,W176,1,78,0,0,0,0,0
960733,177,2017,May,44,W177,2,70,0,0,0,0,0
960733,178,2017,May,44,W178,3,48,0,0,0,0,0
960733,179,2017,May,44,W179,4,54,0,0,0,0,0
960733,180,2017,Jun,45,W180,1,90,5,1,1,1,0
960733,181,2017,Jun,45,W181,2,79,5,1,1,1,0
960733,182,2017,Jun,45,W182,3,84,5,1,1,1,0
960733,183,2017,Jun,45,W183,4,93,5,1,1,1,0
960733,184,2017,Jun,45,W184,5,94,5,1,1,1,0
960733,185,2017,Jul,46,W185,1,89,5,1,0,1,0
960733,186,2017,Jul,46,W186,2,76,5,1,0,1,0
960733,187,2017,Jul,46,W187,3,81,5,1,0,1,0
960733,188,2017,Jul,46,W188,4,78,5,1,0,1,0
960733,189,2017,Aug,47,W189,1,63,0,0,0,0,0
960733,190,2017,Aug,47,W190,2,79,0,0,0,0,0
960733,191,2017,Aug,47,W191,3,60,0,0,0,0,0
960733,192,2017,Aug,47,W192,4,62,0,0,0,0,0
960733,193,2017,Sep,48,W193,1,62,0,0,0,0,0
960733,194,2017,Sep,48,W194,2,62,0,0,0,0,0
960733,195,2017,Sep,48,W195,3,71,0,0,0,0,0
960733,196,2017,Sep,48,W196,4,53,0,0,0,0,0
960733,197,2017,Sep,48,W197,5,57,0,0,0,0,0
972142,1,2014,Jan,1,W001,1,4,0,0,0,0,0
972142,2,2014,Jan,1,W002,2,35,0,0,0,0,0
972142,3,2014,Jan,1,W003,3,46,0,0,0,0,0
972142,4,2014,Jan,1,W004,4,39,0,0,0,0,0
972142,5,2014,Feb,2,W005,1,31,0,0,0,0,0
972142,6,2014,Feb,2,W006,2,43,0,0,0,0,0
972142,7,2014,Feb,2,W007,3,38,0,0,0,0,0
972142,8,2014,Feb,2,W008,4,44,0,0,0,0,0
972142,9,2014,Mar,3,W009,1,32,0,0,0,0,0
972142,10,2014,Mar,3,W010,2,44,0,0,0,0,0
972142,11,2014,Mar,3,W011,3,55,0,0,0,0,0
972142,12,2014,Mar,3,W012,4,58,0,0,0,0,0
972142,13,2014,Mar,3,W013,5,59,0,0,0,0,0
972142,14,2014,Apr,4,W014,1,96,5,1,0,0,1
972142,15,2014,Apr,4,W015,2,168,5,1,0,0,1
972142,16,2014,Apr,4,W016,3,190,5,1,0,0,1
972142,17,2014,Apr,4,W017,4,167,5,1,0,0,1
972142,18,2014,May,5,W018,1,184,5,1,1,1,1
972142,19,2014,May,5,W019,2,199,5,1,1,1,1
972142,20,2014,May,5,W020,3,212,5,1,1,1,1
972142,21,2014,May,5,W021,4,196,5,1,1,1,1
972142,22,2014,Jun,6,W022,1,220,5,1,0,0,1
972142,23,2014,Jun,6,W023,2,222,5,1,0,0,1
972142,24,2014,Jun,6,W024,3,196,5,1,0,0,1
972142,25,2014,Jun,6,W025,4,203,5,1,0,0,1
972142,26,2014,Jun,6,W026,5,189,5,1,0,0,1
972142,27,2014,Jul,7,W027,1,207,5,1,1,1,1
972142,28,2014,Jul,7,W028,2,208,5,1,1,1,1
972142,29,2014,Jul,7,W029,3,165,5,1,1,1,1
972142,30,2014,Jul,7,W030,4,169,5,1,1,1,1
972142,31,2014,Aug,8,W031,1,184,5,1,1,1,0
972142,32,2014,Aug,8,W032,2,252,5,1,1,1,0
972142,33,2014,Aug,8,W033,3,185,5,1,1,1,0
972142,34,2014,Aug,8,W034,4,161,5,1,1,1,0
972142,35,2014,Sep,9,W035,1,188,5,1,0,0,0
972142,36,2014,Sep,9,W036,2,210,5,1,0,0,0
972142,37,2014,Sep,9,W037,3,191,5,1,0,0,0
972142,38,2014,Sep,9,W038,4,200,5,1,0,0,0
972142,39,2014,Sep,9,W039,5,171,5,1,0,0,0
972142,40,2014,Oct,10,W040,1,181,5,1,0,0,0
972142,41,2014,Oct,10,W041,2,172,5,1,0,0,0
972142,42,2014,Oct,10,W042,3,148,5,1,0,0,0
972142,43,2014,Oct,10,W043,4,178,5,1,0,0,0
972142,44,2014,Nov,11,W044,1,155,0,0,0,0,0
972142,45,2014,Nov,11,W045,2,136,0,0,0,0,0
972142,46,2014,Nov,11,W046,3,126,0,0,0,0,0
972142,47,2014,Nov,11,W047,4,81,0,0,0,0,0
972142,48,2014,Nov,11,W048,5,62,0,0,0,0,0
972142,49,2014,BF2,12,W049,1,42,0,0,0,0,0
972142,50,2014,Dec,13,W050,1,87,0,0,0,0,0
972142,51,2014,Dec,13,W051,2,49,0,0,0,0,0
972142,52,2014,Dec,13,W052,3,57,0,0,0,0,0
972142,53,2014,Dec,13,W053,4,12,0,0,0,0,0
972142,54,2015,Jan,14,W054,1,30,0,0,0,0,0
972142,55,2015,Jan,14,W055,2,52,0,0,0,0,0
972142,56,2015,Jan,14,W056,3,32,0,0,0,0,0
972142,57,2015,Jan,14,W057,4,42,0,0,0,0,0
972142,58,2015,Feb,15,W058,1,31,0,0,0,0,0
972142,59,2015,Feb,15,W059,2,32,0,0,0,0,0
972142,60,2015,Feb,15,W060,3,40,0,0,0,0,0
972142,61,2015,Feb,15,W061,4,18,0,0,0,0,0
972142,62,2015,Mar,16,W062,1,51,10,1,0,0,0
972142,63,2015,Mar,16,W063,2,53,10,1,0,0,0
972142,64,2015,Mar,16,W064,3,69,10,1,0,0,0
972142,65,2015,Mar,16,W065,4,101,10,1,0,0,0
972142,66,2015,Mar,16,W066,5,106,10,1,0,0,0
972142,67,2015,Apr,17,W067,1,79,5,1,0,0,2
972142,68,2015,Apr,17,W068,2,121,5,1,0,0,2
972142,69,2015,Apr,17,W069,3,159,5,1,0,0,2
972142,70,2015,Apr,17,W070,4,174,5,1,0,0,2
972142,71,2015,May,18,W071,1,134,5,1,0,0,0
972142,72,2015,May,18,W072,2,232,5,1,0,0,0
972142,73,2015,May,18,W073,3,237,5,1,0,0,0
972142,74,2015,May,18,W074,4,211,5,1,0,0,0
972142,75,2015,Jun,19,W075,1,192,5,1,1,1,1
972142,76,2015,Jun,19,W076,2,205,5,1,1,1,1
972142,77,2015,Jun,19,W077,3,216,5,1,1,1,1
972142,78,2015,Jun,19,W078,4,168,5,1,1,1,1
972142,79,2015,Jun,19,W079,5,169,5,1,1,1,1
972142,80,2015,Jul,20,W080,1,164,5,1,1,1,2
972142,81,2015,Jul,20,W081,2,245,5,1,1,1,2
972142,82,2015,Jul,20,W082,3,189,5,1,1,1,2
972142,83,2015,Jul,20,W083,4,221,5,1,1,1,2
972142,84,2015,Aug,21,W084,1,208,5,1,1,1,0
972142,85,2015,Aug,21,W085,2,243,5,1,1,1,0
972142,86,2015,Aug,21,W086,3,174,5,1,1,1,0
972142,87,2015,Aug,21,W087,4,161,5,1,1,1,0
972142,88,2015,Sep,22,W088,1,199,5,1,1,1,4
972142,89,2015,Sep,22,W089,2,182,5,1,1,1,4
972142,90,2015,Sep,22,W090,3,221,5,1,1,1,4
972142,91,2015,Sep,22,W091,4,157,5,1,1,1,4
972142,92,2015,Sep,22,W092,5,141,5,1,1,1,4
972142,93,2015,Oct,23,W093,1,158,5,1,0,0,3
972142,94,2015,Oct,23,W094,2,194,5,1,0,0,3
972142,95,2015,Oct,23,W095,3,144,5,1,0,0,3
972142,96,2015,Oct,23,W096,4,165,5,1,0,0,3
972142,97,2015,Oct,23,W097,1,141,5,1,0,0,3
972142,98,2015,Nov,24,W098,2,161,5,1,0,0,0
972142,99,2015,Nov,24,W099,3,176,5,1,0,0,0
972142,100,2015,Nov,24,W100,4,121,5,1,0,0,0
972142,101,2015,Nov,24,W101,5,109,5,1,0,0,0
972142,102,2015,BF2,25,W102,1,56,0,0,0,0,0
972142,103,2015,Dec,26,W103,1,127,5,1,0,0,0
972142,104,2015,Dec,26,W104,2,90,5,1,0,0,0
972142,105,2015,Dec,26,W105,3,81,5,1,0,0,0
972142,106,2015,Dec,26,W106,4,70,5,1,0,0,0
972142,107,2016,Jan,27,W107,1,72,0,0,0,0,0
972142,108,2016,Jan,27,W108,2,57,0,0,0,0,0
972142,109,2016,Jan,27,W109,3,49,0,0,0,0,0
972142,110,2016,Jan,27,W110,4,37,0,0,0,0,0
972142,111,2016,Feb,28,W111,1,41,0,0,0,0,0
972142,112,2016,Feb,28,W112,2,49,0,0,0,0,0
972142,113,2016,Feb,28,W113,3,41,0,0,0,0,0
972142,114,2016,Feb,28,W114,4,55,0,0,0,0,0
972142,115,2016,Mar,29,W115,1,66,5,1,0,0,4
972142,116,2016,Mar,29,W116,2,88,5,1,0,0,4
972142,117,2016,Mar,29,W117,3,160,5,1,0,0,4
972142,118,2016,Mar,29,W118,4,156,5,1,0,0,4
972142,119,2016,Mar,29,W119,5,122,5,1,0,0,4
972142,120,2016,Apr,30,W120,1,127,5,1,0,0,0
972142,121,2016,Apr,30,W121,2,96,5,1,0,0,0
972142,122,2016,Apr,30,W122,3,180,5,1,0,0,0
972142,123,2016,Apr,30,W123,4,141,5,1,0,0,0
972142,124,2016,May,31,W124,1,186,5,1,0,0,0
972142,125,2016,May,31,W125,2,199,5,1,0,0,0
972142,126,2016,May,31,W126,3,193,5,1,0,0,0
972142,127,2016,May,31,W127,4,185,5,1,0,0,0
972142,128,2016,Jun,32,W128,1,240,5,1,0,0,1
972142,129,2016,Jun,32,W129,2,210,5,1,0,0,1
972142,130,2016,Jun,32,W130,3,180,5,1,0,0,1
972142,131,2016,Jun,32,W131,4,194,5,1,0,0,1
972142,132,2016,Jun,32,W132,5,184,5,1,0,0,1
972142,133,2016,Jul,33,W133,1,268,5,1,0,0,2
972142,134,2016,Jul,33,W134,2,198,5,1,0,0,2
972142,135,2016,Jul,33,W135,3,177,5,1,0,0,2
972142,136,2016,Jul,33,W136,4,195,5,1,0,0,2
972142,137,2016,Aug,34,W137,1,218,5,1,0,0,0
972142,138,2016,Aug,34,W138,2,222,5,1,0,0,0
972142,139,2016,Aug,34,W139,3,174,5,1,0,0,0
972142,140,2016,Aug,34,W140,4,176,5,1,0,0,0
972142,141,2016,Sep,35,W141,1,196,5,1,0,0,0
972142,142,2016,Sep,35,W142,2,219,5,1,0,0,0
972142,143,2016,Sep,35,W143,3,239,5,1,0,0,0
972142,144,2016,Sep,35,W144,4,216,5,1,0,0,0
972142,145,2016,Sep,35,W145,5,202,5,1,0,0,0
972142,146,2016,Oct,36,W146,1,208,5,1,0,0,0
972142,147,2016,Oct,36,W147,2,152,5,1,0,0,0
972142,148,2016,Oct,36,W148,3,182,5,1,0,0,0
972142,149,2016,Oct,36,W149,4,173,5,1,0,0,0
972142,150,2016,Nov,37,W150,1,185,5,1,0,0,0
972142,151,2016,Nov,37,W151,2,225,5,1,0,0,0
972142,152,2016,Nov,37,W152,3,190,5,1,0,0,0
972142,153,2016,Nov,37,W153,4,134,5,1,0,0,0
972142,154,2016,BF2,38,W154,1,70,0,0,0,0,0
972142,155,2016,Dec,39,W155,2,146,5,1,0,0,0
972142,156,2016,Dec,39,W156,3,79,5,1,0,0,0
972142,157,2016,Dec,39,W157,4,65,5,1,0,0,0
972142,158,2016,Dec,39,W158,5,67,5,1,0,0,0
972142,159,2017,Jan,40,W159,1,47,0,0,0,0,0
972142,160,2017,Jan,40,W160,2,42,0,0,0,0,0
972142,161,2017,Jan,40,W161,3,43,0,0,0,0,0
972142,162,2017,Jan,40,W162,4,33,0,0,0,0,0
972142,163,2017,Feb,41,W163,1,36,5,1,0,0,0
972142,164,2017,Feb,41,W164,2,62,5,1,0,0,0
972142,165,2017,Feb,41,W165,3,46,5,1,0,0,0
972142,166,2017,Feb,41,W166,4,85,5,1,0,0,0
972142,167,2017,Mar,42,W167,1,127,5,1,0,0,0
972142,168,2017,Mar,42,W168,2,113,5,1,0,0,0
972142,169,2017,Mar,42,W169,3,76,5,1,0,0,0
972142,170,2017,Mar,42,W170,4,68,5,1,0,0,0
972142,171,2017,Mar,42,W171,5,163,5,1,0,0,0
972142,172,2017,Apr,43,W172,1,128,5,1,0,0,0
972142,173,2017,Apr,43,W173,2,194,5,1,0,0,0
972142,174,2017,Apr,43,W174,3,192,5,1,0,0,0
972142,175,2017,Apr,43,W175,4,234,5,1,0,0,0
972142,176,2017,May,44,W176,1,177,0,0,0,0,0
972142,177,2017,May,44,W177,2,142,0,0,0,0,0
972142,178,2017,May,44,W178,3,140,0,0,0,0,0
972142,179,2017,May,44,W179,4,172,0,0,0,0,0
972142,180,2017,Jun,45,W180,1,181,0,0,0,0,0
972142,181,2017,Jun,45,W181,2,169,0,0,0,0,0
972142,182,2017,Jun,45,W182,3,149,0,0,0,0,0
972142,183,2017,Jun,45,W183,4,161,0,0,0,0,0
972142,184,2017,Jun,45,W184,5,142,0,0,0,0,0
972142,185,2017,Jul,46,W185,1,211,5,1,0,0,0
972142,186,2017,Jul,46,W186,2,190,5,1,0,0,0
972142,187,2017,Jul,46,W187,3,180,5,1,0,0,0
972142,188,2017,Jul,46,W188,4,178,5,1,0,0,0
972142,189,2017,Aug,47,W189,1,169,5,1,0,0,0
972142,190,2017,Aug,47,W190,2,219,5,1,0,0,0
972142,191,2017,Aug,47,W191,3,161,5,1,0,0,0
972142,192,2017,Aug,47,W192,4,143,5,1,0,0,0
972142,193,2017,Sep,48,W193,1,133,5,1,0,0,0
972142,194,2017,Sep,48,W194,2,223,5,1,0,0,0
972142,195,2017,Sep,48,W195,3,151,5,1,0,0,0
972142,196,2017,Sep,48,W196,4,147,5,1,0,0,0
972142,197,2017,Sep,48,W197,5,159,5,1,0,0,0
972218,11,2014,Mar,3,W011,3,9,4,1,0,0,0
972218,12,2014,Mar,3,W012,4,18,4,1,0,0,0
972218,13,2014,Mar,3,W013,5,19,4,1,0,0,0
972218,14,2014,Apr,4,W014,1,40,5,1,0,0,0
972218,15,2014,Apr,4,W015,2,71,5,1,0,0,0
972218,16,2014,Apr,4,W016,3,77,5,1,0,0,0
972218,17,2014,Apr,4,W017,4,75,5,1,0,0,0
972218,18,2014,May,5,W018,1,82,5,1,1,1,1
972218,19,2014,May,5,W019,2,105,5,1,1,1,1
972218,20,2014,May,5,W020,3,122,5,1,1,1,1
972218,21,2014,May,5,W021,4,122,5,1,1,1,1
972218,22,2014,Jun,6,W022,1,112,5,1,0,0,1
972218,23,2014,Jun,6,W023,2,113,5,1,0,0,1
972218,24,2014,Jun,6,W024,3,123,5,1,0,0,1
972218,25,2014,Jun,6,W025,4,106,5,1,0,0,1
972218,26,2014,Jun,6,W026,5,111,5,1,0,0,1
972218,27,2014,Jul,7,W027,1,109,5,1,1,1,1
972218,28,2014,Jul,7,W028,2,123,5,1,1,1,1
972218,29,2014,Jul,7,W029,3,118,5,1,1,1,1
972218,30,2014,Jul,7,W030,4,100,5,1,1,1,1
972218,31,2014,Aug,8,W031,1,95,5,1,1,1,1
972218,32,2014,Aug,8,W032,2,156,5,1,1,1,1
972218,33,2014,Aug,8,W033,3,115,5,1,1,1,1
972218,34,2014,Aug,8,W034,4,116,5,1,1,1,1
972218,35,2014,Sep,9,W035,1,117,5,1,0,0,0
972218,36,2014,Sep,9,W036,2,157,5,1,0,0,0
972218,37,2014,Sep,9,W037,3,110,5,1,0,0,0
972218,38,2014,Sep,9,W038,4,113,5,1,0,0,0
972218,39,2014,Sep,9,W039,5,103,5,1,0,0,0
972218,40,2014,Oct,10,W040,1,100,5,1,0,0,2
972218,41,2014,Oct,10,W041,2,105,5,1,0,0,2
972218,42,2014,Oct,10,W042,3,77,5,1,0,0,2
972218,43,2014,Oct,10,W043,4,84,5,1,0,0,2
972218,44,2014,Nov,11,W044,1,90,0,0,0,0,0
972218,45,2014,Nov,11,W045,2,54,0,0,0,0,0
972218,46,2014,Nov,11,W046,3,56,0,0,0,0,0
972218,47,2014,Nov,11,W047,4,40,0,0,0,0,0
972218,48,2014,Nov,11,W048,5,31,0,0,0,0,0
972218,49,2014,BF2,12,W049,1,10,0,0,0,0,0
972218,50,2014,Dec,13,W050,1,34,0,0,0,0,0
972218,51,2014,Dec,13,W051,2,25,0,0,0,0,0
972218,52,2014,Dec,13,W052,3,15,0,0,0,0,0
972218,53,2014,Dec,13,W053,4,5,0,0,0,0,0
972218,54,2015,Jan,14,W054,1,10,0,0,0,0,0
972218,55,2015,Jan,14,W055,2,22,0,0,0,0,0
972218,56,2015,Jan,14,W056,3,21,0,0,0,0,0
972218,57,2015,Jan,14,W057,4,34,0,0,0,0,0
972218,58,2015,Feb,15,W058,1,7,0,0,0,0,0
972218,59,2015,Feb,15,W059,2,15,0,0,0,0,0
972218,60,2015,Feb,15,W060,3,17,0,0,0,0,0
972218,61,2015,Feb,15,W061,4,7,0,0,0,0,0
972218,62,2015,Mar,16,W062,1,10,0,0,0,0,0
972218,63,2015,Mar,16,W063,2,9,0,0,0,0,0
972218,64,2015,Mar,16,W064,3,18,0,0,0,0,0
972218,65,2015,Mar,16,W065,4,34,0,0,0,0,0
972218,66,2015,Mar,16,W066,5,26,0,0,0,0,0
972218,67,2015,Apr,17,W067,1,40,5,1,0,0,0
972218,68,2015,Apr,17,W068,2,73,5,1,0,0,0
972218,69,2015,Apr,17,W069,3,97,5,1,0,0,0
972218,70,2015,Apr,17,W070,4,151,5,1,0,0,0
972218,71,2015,May,18,W071,1,162,5,1,0,0,3
972218,72,2015,May,18,W072,2,169,5,1,0,0,3
972218,73,2015,May,18,W073,3,188,5,1,0,0,3
972218,74,2015,May,18,W074,4,180,5,1,0,0,3
972218,75,2015,Jun,19,W075,1,149,5,1,1,1,0
972218,76,2015,Jun,19,W076,2,155,5,1,1,1,0
972218,77,2015,Jun,19,W077,3,180,5,1,1,1,0
972218,78,2015,Jun,19,W078,4,158,5,1,1,1,0
972218,79,2015,Jun,19,W079,5,171,5,1,1,1,0
972218,80,2015,Jul,20,W080,1,142,5,1,1,1,2
972218,81,2015,Jul,20,W081,2,143,5,1,1,1,2
972218,82,2015,Jul,20,W082,3,137,5,1,1,1,2
972218,83,2015,Jul,20,W083,4,156,5,1,1,1,2
972218,84,2015,Aug,21,W084,1,90,3,1,1,1,0
972218,85,2015,Aug,21,W085,2,126,3,1,1,1,0
972218,86,2015,Aug,21,W086,3,109,3,1,1,1,0
972218,87,2015,Aug,21,W087,4,91,3,1,1,1,0
972218,88,2015,Sep,22,W088,1,87,5,1,1,1,4
972218,89,2015,Sep,22,W089,2,105,5,1,1,1,4
972218,90,2015,Sep,22,W090,3,125,5,1,1,1,4
972218,91,2015,Sep,22,W091,4,102,5,1,1,1,4
972218,92,2015,Sep,22,W092,5,102,5,1,1,1,4
972218,93,2015,Oct,23,W093,1,83,3,1,0,0,0
972218,94,2015,Oct,23,W094,2,71,3,1,0,0,0
972218,95,2015,Oct,23,W095,3,70,3,1,0,0,0
972218,96,2015,Oct,23,W096,4,67,3,1,0,0,0
972218,97,2015,Oct,23,W097,1,63,3,1,0,0,0
972218,98,2015,Nov,24,W098,2,53,0,0,0,0,0
972218,99,2015,Nov,24,W099,3,57,0,0,0,0,0
972218,100,2015,Nov,24,W100,4,45,0,0,0,0,0
972218,101,2015,Nov,24,W101,5,29,0,0,0,0,0
972218,102,2015,BF2,25,W102,1,12,0,0,0,0,0
972218,103,2015,Dec,26,W103,1,40,0,0,0,0,0
972218,104,2015,Dec,26,W104,2,40,0,0,0,0,0
972218,105,2015,Dec,26,W105,3,31,0,0,0,0,0
972218,106,2015,Dec,26,W106,4,25,0,0,0,0,0
972218,107,2016,Jan,27,W107,1,20,0,0,0,0,0
972218,108,2016,Jan,27,W108,2,25,0,0,0,0,0
972218,109,2016,Jan,27,W109,3,17,0,0,0,0,0
972218,110,2016,Jan,27,W110,4,16,0,0,0,0,0
972218,111,2016,Feb,28,W111,1,28,0,0,0,0,0
972218,112,2016,Feb,28,W112,2,21,0,0,0,0,0
972218,113,2016,Feb,28,W113,3,17,0,0,0,0,0
972218,114,2016,Feb,28,W114,4,21,0,0,0,0,0
972218,115,2016,Mar,29,W115,1,26,0,0,0,0,0
972218,116,2016,Mar,29,W116,2,33,0,0,0,0,0
972218,117,2016,Mar,29,W117,3,55,0,0,0,0,0
972218,118,2016,Mar,29,W118,4,57,0,0,0,0,0
972218,119,2016,Mar,29,W119,5,47,0,0,0,0,0
972218,120,2016,Apr,30,W120,1,50,0,0,0,0,0
972218,121,2016,Apr,30,W121,2,51,0,0,0,0,0
972218,122,2016,Apr,30,W122,3,78,0,0,0,0,0
972218,123,2016,Apr,30,W123,4,80,0,0,0,0,0
972218,124,2016,May,31,W124,1,83,0,0,0,0,0
972218,125,2016,May,31,W125,2,79,0,0,0,0,0
972218,126,2016,May,31,W126,3,74,0,0,0,0,0
972218,127,2016,May,31,W127,4,82,0,0,0,0,0
972218,128,2016,Jun,32,W128,1,105,0,0,0,0,0
972218,129,2016,Jun,32,W129,2,80,0,0,0,0,0
972218,130,2016,Jun,32,W130,3,81,0,0,0,0,0
972218,131,2016,Jun,32,W131,4,73,0,0,0,0,0
972218,132,2016,Jun,32,W132,5,62,0,0,0,0,0
972218,133,2016,Jul,33,W133,1,166,5,1,0,0,2
972218,134,2016,Jul,33,W134,2,115,5,1,0,0,2
972218,135,2016,Jul,33,W135,3,127,5,1,0,0,2
972218,136,2016,Jul,33,W136,4,126,5,1,0,0,2
972218,137,2016,Aug,34,W137,1,135,5,1,0,0,4
972218,138,2016,Aug,34,W138,2,119,5,1,0,0,4
972218,139,2016,Aug,34,W139,3,119,5,1,0,0,4
972218,140,2016,Aug,34,W140,4,98,5,1,0,0,4
972218,141,2016,Sep,35,W141,1,59,0,0,0,0,0
972218,142,2016,Sep,35,W142,2,92,0,0,0,0,0
972218,143,2016,Sep,35,W143,3,66,0,0,0,0,0
972218,144,2016,Sep,35,W144,4,62,0,0,0,0,0
972218,145,2016,Sep,35,W145,5,69,0,0,0,0,0
972218,146,2016,Oct,36,W146,1,140,5,1,0,0,4
972218,147,2016,Oct,36,W147,2,117,5,1,0,0,4
972218,148,2016,Oct,36,W148,3,109,5,1,0,0,4
972218,149,2016,Oct,36,W149,4,101,5,1,0,0,4
972218,150,2016,Nov,37,W150,1,93,5,1,0,0,0
972218,151,2016,Nov,37,W151,2,106,5,1,0,0,0
972218,152,2016,Nov,37,W152,3,89,5,1,0,0,0
972218,153,2016,Nov,37,W153,4,65,5,1,0,0,0
972218,154,2016,BF2,38,W154,1,22,0,0,0,0,0
972218,155,2016,Dec,39,W155,2,87,5,1,0,0,0
972218,156,2016,Dec,39,W156,3,46,5,1,0,0,0
972218,157,2016,Dec,39,W157,4,32,5,1,0,0,0
972218,158,2016,Dec,39,W158,5,23,5,1,0,0,0
972218,159,2017,Jan,40,W159,1,46,10,1,0,0,0
972218,160,2017,Jan,40,W160,2,39,10,1,0,0,0
972218,161,2017,Jan,40,W161,3,34,10,1,0,0,0
972218,162,2017,Jan,40,W162,4,39,10,1,0,0,0
972218,163,2017,Feb,41,W163,1,13,0,0,0,0,0
972218,164,2017,Feb,41,W164,2,17,0,0,0,0,0
972218,165,2017,Feb,41,W165,3,16,0,0,0,0,0
972218,166,2017,Feb,41,W166,4,27,0,0,0,0,0
972218,167,2017,Mar,42,W167,1,29,0,0,0,0,0
972218,168,2017,Mar,42,W168,2,28,0,0,0,0,0
972218,169,2017,Mar,42,W169,3,15,0,0,0,0,0
972218,170,2017,Mar,42,W170,4,19,0,0,0,0,0
972218,171,2017,Mar,42,W171,5,59,0,0,0,0,0
972218,172,2017,Apr,43,W172,1,53,0,0,0,0,0
972218,173,2017,Apr,43,W173,2,76,0,0,0,0,0
972218,174,2017,Apr,43,W174,3,75,0,0,0,0,0
972218,175,2017,Apr,43,W175,4,80,0,0,0,0,0
972218,176,2017,May,44,W176,1,141,5,1,0,0,0
972218,177,2017,May,44,W177,2,118,5,1,0,0,0
972218,178,2017,May,44,W178,3,112,5,1,0,0,0
972218,179,2017,May,44,W179,4,134,5,1,0,0,0
972218,180,2017,Jun,45,W180,1,78,0,0,0,0,0
972218,181,2017,Jun,45,W181,2,93,0,0,0,0,0
972218,182,2017,Jun,45,W182,3,76,0,0,0,0,0
972218,183,2017,Jun,45,W183,4,79,0,0,0,0,0
972218,184,2017,Jun,45,W184,5,78,0,0,0,0,0
972218,185,2017,Jul,46,W185,1,186,10,1,0,0,1
972218,186,2017,Jul,46,W186,2,139,10,1,0,0,1
972218,187,2017,Jul,46,W187,3,147,10,1,0,0,1
972218,188,2017,Jul,46,W188,4,144,10,1,0,0,1
972218,189,2017,Aug,47,W189,1,42,0,0,0,0,0
972218,190,2017,Aug,47,W190,2,30,0,0,0,0,0
972218,191,2017,Aug,47,W191,3,34,0,0,0,0,0
972218,192,2017,Aug,47,W192,4,32,0,0,0,0,0
972218,193,2017,Sep,48,W193,1,58,0,0,0,0,0
972218,194,2017,Sep,48,W194,2,51,0,0,0,0,0
972218,195,2017,Sep,48,W195,3,35,0,0,0,0,0
972218,196,2017,Sep,48,W196,4,54,0,0,0,0,0
972218,197,2017,Sep,48,W197,5,68,0,0,0,0,0
